"@_fa","prism:url","dc:identifier","eid","dc:title","dc:creator","prism:publicationName","prism:eIssn","prism:volume","prism:issueIdentifier","prism:coverDate","prism:coverDisplayDate","prism:doi","citedby-count","pubmed-id","prism:aggregationType","subtype","subtypeDescription","article-number","source-id","openaccess","openaccessFlag","freetoread.value.$","freetoreadLabel.value.$","entry_number","prism:issn","pii","prism:pageRange"
"true","https://api.elsevier.com/content/abstract/scopus_id/85187130405","SCOPUS_ID:85187130405","2-s2.0-85187130405","An Integrated Multi-Source Dataset for Measuring Settlement Evolution in the United States from 1810 to 2020","Ahn Y.","Scientific Data","20524463","11","1","2024-12-01","December 2024","10.1038/s41597-024-03081-x","0","38453937","Journal","dp","Data Paper","275","21100451321","1","TRUE","all","All Open Access","1",NA,NA,NA
"true","https://api.elsevier.com/content/abstract/scopus_id/85181753540","SCOPUS_ID:85181753540","2-s2.0-85181753540","De-bordering policies at the city scale: strategies for building resilience in Barcelona's migration governance","Zapata-Barrero R.","Comparative Migration Studies","2214594X","12","1","2024-12-01","December 2024","10.1186/s40878-023-00361-0","0",NA,"Journal","ar","Article","2","21100899442","1","TRUE","all","All Open Access","2",NA,NA,NA
"true","https://api.elsevier.com/content/abstract/scopus_id/85188251550","SCOPUS_ID:85188251550","2-s2.0-85188251550","Current research and opinion on land governance for societal development in and on the global south","Chigbu U.E.","Land Use Policy",NA,"141",NA,"2024-06-01","June 2024","10.1016/j.landusepol.2024.107112","0",NA,"Journal","ar","Article","107112","14500","0","FALSE",NA,NA,"3","02648377","S0264837724000644",NA
"true","https://api.elsevier.com/content/abstract/scopus_id/85187974924","SCOPUS_ID:85187974924","2-s2.0-85187974924","Pedestrian-oriented development in Beirut: A framework for estimating urban design impacts on pedestrian flows through modeling, participatory design, and scenario analysis","Sevtsuk A.","Cities",NA,"149",NA,"2024-06-01","June 2024","10.1016/j.cities.2024.104927","0",NA,"Journal","ar","Article","104927","16956","1","TRUE","all","All Open Access","4","02642751","S0264275124001410",NA
"true","https://api.elsevier.com/content/abstract/scopus_id/85184069371","SCOPUS_ID:85184069371","2-s2.0-85184069371","Big data-assisted urban governance: A comprehensive system for business documents classification of the government hotline","Zhang Z.","Engineering Applications of Artificial Intelligence",NA,"132",NA,"2024-06-01","June 2024","10.1016/j.engappai.2024.107997","0",NA,"Journal","ar","Article","107997","24182","0","FALSE",NA,NA,"5","09521976","S0952197624001556",NA
"true","https://api.elsevier.com/content/abstract/scopus_id/85171441047","SCOPUS_ID:85171441047","2-s2.0-85171441047","A cascading model of stakeholder engagement for large-scale regional development using structured dialogical design","Michaelides M.","European Journal of Operational Research",NA,"315","1","2024-05-16","16 May 2024","10.1016/j.ejor.2023.11.050","0",NA,"Journal","ar","Article",NA,"22489","0","FALSE",NA,NA,"6","03772217","S0377221723009098","307-323"
"true","https://api.elsevier.com/content/abstract/scopus_id/85187695688","SCOPUS_ID:85187695688","2-s2.0-85187695688","Public environmental concern, government environmental regulation and urban carbon emission reduction—Analyzing the regulating role of green finance and industrial agglomeration","Wang Y.","Science of the Total Environment","18791026","924",NA,"2024-05-10","10 May 2024","10.1016/j.scitotenv.2024.171549","0","38467260","Journal","ar","Article","171549","25349","0","FALSE",NA,NA,"7","00489697","S0048969724016905",NA
"true","https://api.elsevier.com/content/abstract/scopus_id/85186497319","SCOPUS_ID:85186497319","2-s2.0-85186497319","Exploring the role of public participation in delivering inclusive, quality, and resilient green infrastructure for climate adaptation in the UK","Jones J.","Cities",NA,"148",NA,"2024-05-01","May 2024","10.1016/j.cities.2024.104879","0",NA,"Journal","ar","Article","104879","16956","0","FALSE",NA,NA,"8","02642751","S0264275124000933",NA
"true","https://api.elsevier.com/content/abstract/scopus_id/85186469968","SCOPUS_ID:85186469968","2-s2.0-85186469968","Democratic participation and smart city citizenship in emerging economies – Case of smart cities in India","Waghmare M.","Cities",NA,"148",NA,"2024-05-01","May 2024","10.1016/j.cities.2024.104910","0",NA,"Journal","ar","Article","104910","16956","0","FALSE",NA,NA,"9","02642751","S0264275124001240",NA
"true","https://api.elsevier.com/content/abstract/scopus_id/85187204621","SCOPUS_ID:85187204621","2-s2.0-85187204621","Urban systems exploration: A generic process for multi-objective urban planning to support decision making in early design phases","Reitberger R.","Building and Environment",NA,"254",NA,"2024-04-15","15 April 2024","10.1016/j.buildenv.2024.111360","0",NA,"Journal","ar","Article","111360","26874","1","TRUE","all","All Open Access","10","03601323","S0360132324002026",NA
"true","https://api.elsevier.com/content/abstract/scopus_id/85186760267","SCOPUS_ID:85186760267","2-s2.0-85186760267","The importance of climate and anthropogenic influence in precipitation partitioning in the contiguous United States","Alonso Vicario S.","Journal of Hydrology",NA,"633",NA,"2024-04-01","April 2024","10.1016/j.jhydrol.2024.130984","0",NA,"Journal","ar","Article","130984","50089","0","FALSE",NA,NA,"11","00221694","S0022169424003780",NA
"true","https://api.elsevier.com/content/abstract/scopus_id/85186536796","SCOPUS_ID:85186536796","2-s2.0-85186536796","Spatio-temporal patterns and correlation effects of regional rurality and poverty governance change: A case study of the rocky desertification area of Yunnan-Guangxi-Guizhou, China","Feng D.","Habitat International",NA,"146",NA,"2024-04-01","April 2024","10.1016/j.habitatint.2024.103044","0",NA,"Journal","ar","Article","103044","13760","0","FALSE",NA,NA,"12","01973975","S0197397524000444",NA
"true","https://api.elsevier.com/content/abstract/scopus_id/85185176684","SCOPUS_ID:85185176684","2-s2.0-85185176684","Advancing environmental justice in cities through the Mosaic Governance of nature-based solutions","Buijs A.E.","Cities",NA,"147",NA,"2024-04-01","April 2024","10.1016/j.cities.2024.104799","0",NA,"Journal","ar","Article","104799","16956","1","TRUE","all","All Open Access","13","02642751","S0264275124000131",NA
"true","https://api.elsevier.com/content/abstract/scopus_id/85184475598","SCOPUS_ID:85184475598","2-s2.0-85184475598","Measuring the impact of government intervention on the spatial variation of market-oriented urban redevelopment activities in Shenzhen, China","Jiang L.","Cities",NA,"147",NA,"2024-04-01","April 2024","10.1016/j.cities.2024.104834","0",NA,"Journal","ar","Article","104834","16956","0","FALSE",NA,NA,"14","02642751","S0264275124000489",NA
"true","https://api.elsevier.com/content/abstract/scopus_id/85183547530","SCOPUS_ID:85183547530","2-s2.0-85183547530","Development of an Intensity of uses index to support design decision-making and improve urban development quality","Deprêtre A.","Cities",NA,"147",NA,"2024-04-01","April 2024","10.1016/j.cities.2023.104779","0",NA,"Journal","ar","Article","104779","16956","0","FALSE",NA,NA,"15","02642751","S0264275123005917",NA
"true","https://api.elsevier.com/content/abstract/scopus_id/85179893399","SCOPUS_ID:85179893399","2-s2.0-85179893399","Passive strategies towards energy efficient social housing: A parametric case study and decision-making framework in the Mexican tropical climate","Hernández G.","Journal of Building Engineering","23527102","82",NA,"2024-04-01","1 April 2024","10.1016/j.jobe.2023.108282","0",NA,"Journal","ar","Article","108282","21100389518","0","FALSE",NA,NA,"16",NA,"S2352710223024658",NA
"true","https://api.elsevier.com/content/abstract/scopus_id/85188030283","SCOPUS_ID:85188030283","2-s2.0-85188030283","The health and welfare effects of environmental governance: Evidence from China","Wang C.","Environment International","18736750","185",NA,"2024-03-01","March 2024","10.1016/j.envint.2024.108579","0","38493736","Journal","ar","Article","108579","20912","1","TRUE","all","All Open Access","17","01604120","S016041202400165X",NA
"true","https://api.elsevier.com/content/abstract/scopus_id/85187894545","SCOPUS_ID:85187894545","2-s2.0-85187894545","Strategies for Co-Creation and Co-Governance in Urban Contexts: Building Trust in Local Communities with Limited Social Structures","Bradley S.","Urban Science","24138851","8","1","2024-03-01","March 2024","10.3390/urbansci8010009","0",NA,"Journal","ar","Article","9","21101141748","1","TRUE","all","All Open Access","18",NA,NA,NA
"true","https://api.elsevier.com/content/abstract/scopus_id/85187671922","SCOPUS_ID:85187671922","2-s2.0-85187671922","Achieving Neighborhood-Level Collaborative Governance through Participatory Regeneration: Cases of Three Residential Heritage Neighborhoods in Shanghai","Wang H.","Sustainability (Switzerland)","20711050","16","5","2024-03-01","March 2024","10.3390/su16052082","0",NA,"Journal","ar","Article","2082","21100240100","1","TRUE",NA,NA,"19",NA,NA,NA
"true","https://api.elsevier.com/content/abstract/scopus_id/85187017418","SCOPUS_ID:85187017418","2-s2.0-85187017418","Calculative governmentality for agreement: Politics of urban redevelopment in Chengdu, China","Huang X.","Geoforum",NA,"150",NA,"2024-03-01","March 2024","10.1016/j.geoforum.2024.103991","0",NA,"Journal","ar","Article","103991","28611","0","FALSE",NA,NA,"20","00167185","S0016718524000526",NA
"true","https://api.elsevier.com/content/abstract/scopus_id/85185175089","SCOPUS_ID:85185175089","2-s2.0-85185175089","Central–local state strategic coupling towards making entrepreneurial cities in China","Zhang M.","Political Geography",NA,"109",NA,"2024-03-01","March 2024","10.1016/j.polgeo.2024.103062","0",NA,"Journal","ar","Article","103062","22857","0","FALSE",NA,NA,"21","09626298","S0962629824000118",NA
"true","https://api.elsevier.com/content/abstract/scopus_id/85184068865","SCOPUS_ID:85184068865","2-s2.0-85184068865","Sustainable city development from the perspective of corporate green innovation and governance","Jin H.","Sustainable Cities and Society",NA,"102",NA,"2024-03-01","March 2024","10.1016/j.scs.2024.105216","0",NA,"Journal","ar","Article","105216","19700194105","0","FALSE",NA,NA,"22","22106707","S2210670724000453",NA
"true","https://api.elsevier.com/content/abstract/scopus_id/85183323648","SCOPUS_ID:85183323648","2-s2.0-85183323648","Revealing patterns in household product consumption and sharing: An approach to support urban governance towards a sustainable sharing economy","Jiménez Encarnación D.","Sustainable Production and Consumption","23525509","45",NA,"2024-03-01","March 2024","10.1016/j.spc.2024.01.009","0",NA,"Journal","ar","Article",NA,"21100416081","1","TRUE",NA,NA,"23",NA,"S2352550924000095","244-264"
"true","https://api.elsevier.com/content/abstract/scopus_id/85181957417","SCOPUS_ID:85181957417","2-s2.0-85181957417","Governing in the digital age: The emergence of dynamic smart urban governance modes","Przeybilovicz E.","Government Information Quarterly",NA,"41","1","2024-03-01","March 2024","10.1016/j.giq.2023.101907","0",NA,"Journal","ar","Article","101907","14735","1","TRUE","all","All Open Access","24","0740624X","S0740624X23001077",NA
"true","https://api.elsevier.com/content/abstract/scopus_id/85181163004","SCOPUS_ID:85181163004","2-s2.0-85181163004","Promoting Public Participation in NIMBY Facilities' EIA in Urban Planning: An Evolutionary Game Model","Liang Y.","Journal of Urban Planning and Development","19435444","150","1","2024-03-01","1 March 2024","10.1061/JUPDDM.UPENG-4414","0",NA,"Journal","ar","Article","04023064","13954","0","FALSE",NA,NA,"25","07339488",NA,NA
"true","https://api.elsevier.com/content/abstract/scopus_id/85176497779","SCOPUS_ID:85176497779","2-s2.0-85176497779","Government Intervention and the Quality of Urban Agglomeration Development: Analysis Based on Market Perspective","Xiao Z.","Journal of Urban Planning and Development","19435444","150","1","2024-03-01","1 March 2024","10.1061/JUPDDM.UPENG-4492","0",NA,"Journal","ar","Article","04023054","13954","0","FALSE",NA,NA,"26","07339488",NA,NA
"true","https://api.elsevier.com/content/abstract/scopus_id/85173746353","SCOPUS_ID:85173746353","2-s2.0-85173746353","Participatory Bias and Participatory Neighborhood Governance: Reanalyzing the Most-Likely Case of the Stockholm Neighborhood Renewal Program","Hertting N.","Urban Affairs Review","15528332","60","2","2024-03-01","March 2024","10.1177/10780874231203919","0",NA,"Journal","ar","Article",NA,"29643","1","TRUE","all","All Open Access","27","10780874",NA,"674-705"
"true","https://api.elsevier.com/content/abstract/scopus_id/85170581130","SCOPUS_ID:85170581130","2-s2.0-85170581130","Evaluation of efficiency of the index of potential anthropic geomorphology at meso level: a case study of Goa State, India","Nigam R.","Geographical Journal","14754959","190","1","2024-03-01","March 2024","10.1111/geoj.12540","0",NA,"Journal","ar","Article","e12540","28694","0","FALSE",NA,NA,"28","00167398",NA,NA
"true","https://api.elsevier.com/content/abstract/scopus_id/85153754839","SCOPUS_ID:85153754839","2-s2.0-85153754839","Leadership Transfer Networks and Regional Environmental Governance Performance","Cui C.","Urban Affairs Review","15528332","60","2","2024-03-01","March 2024","10.1177/10780874231169920","1",NA,"Journal","ar","Article",NA,"29643","0","FALSE",NA,NA,"29","10780874",NA,"488-514"
"true","https://api.elsevier.com/content/abstract/scopus_id/85087310716","SCOPUS_ID:85087310716","2-s2.0-85087310716","Leviathan Awakens: Gas Finds, Energy Governance, and the Emergence of the Eastern Mediterranean as a Geopolitical Region","Goldthau A.C.","Review of Policy Research","15411338","41","2","2024-03-01","March 2024","10.1111/ropr.12387","4",NA,"Journal","ar","Article",NA,"50039","1","TRUE","all","All Open Access","30","1541132X",NA,"310-328"
"true","https://api.elsevier.com/content/abstract/scopus_id/85185190697","SCOPUS_ID:85185190697","2-s2.0-85185190697","Spatial and temporal characteristics, spatial clustering and governance strategies for regional development of social enterprises in China","Liu X.","Heliyon",NA,"10","4","2024-02-29","29 February 2024","10.1016/j.heliyon.2024.e26246","0",NA,"Journal","ar","Article","e26246","21100411756","1","TRUE","all","All Open Access","31","24058440","S2405844024022771",NA
"true","https://api.elsevier.com/content/abstract/scopus_id/85183927631","SCOPUS_ID:85183927631","2-s2.0-85183927631","Evaluating urban environmental quality using multi criteria decision making","Mahmoudzadeh H.","Heliyon",NA,"10","3","2024-02-15","15 February 2024","10.1016/j.heliyon.2024.e24921","0",NA,"Journal","ar","Article","e24921","21100411756","1","TRUE","all","All Open Access","32","24058440","S2405844024009526",NA
"true","https://api.elsevier.com/content/abstract/scopus_id/85186410851","SCOPUS_ID:85186410851","2-s2.0-85186410851","Beyond colonial urbanism: State power, global connections and fragmented land regimes in twentieth-century Hyderabad city","Beverley E.L.","Urban History","14698706","51","1","2024-02-09","9 February 2024","10.1017/S096392682200058X","0",NA,"Journal","ar","Article",NA,"22455","0","FALSE",NA,NA,"33","09639268","S096392682200058X","11-31"
"true","https://api.elsevier.com/content/abstract/scopus_id/85186295170","SCOPUS_ID:85186295170","2-s2.0-85186295170","Fuzzy cognitive maps for municipal governance improvement","Parreño L.","PLoS ONE","19326203","19","2 February","2024-02-01","February 2024","10.1371/journal.pone.0294962","0","38422075","Journal","ar","Article","e0294962","10600153309","1","TRUE","all","All Open Access","34",NA,NA,NA
"true","https://api.elsevier.com/content/abstract/scopus_id/85186124480","SCOPUS_ID:85186124480","2-s2.0-85186124480","Evolutionary Game Analysis of Ecological Governance Strategies in the Yangtze River Delta Region, China","Wang Q.","Land","2073445X","13","2","2024-02-01","February 2024","10.3390/land13020212","0",NA,"Journal","ar","Article","212","21100811521","1","TRUE","all","All Open Access","35",NA,NA,NA
"true","https://api.elsevier.com/content/abstract/scopus_id/85185007604","SCOPUS_ID:85185007604","2-s2.0-85185007604","Phased responses of urban tree canopy cover changes to urbanization process within Beijing's built-up area: An analytical framework coupling state, transition, and drivers","Li T.","Ecological Indicators",NA,"159",NA,"2024-02-01","February 2024","10.1016/j.ecolind.2024.111710","0",NA,"Journal","ar","Article","111710","20292","1","TRUE","all","All Open Access","36","1470160X","S1470160X24001675",NA
"true","https://api.elsevier.com/content/abstract/scopus_id/85183922172","SCOPUS_ID:85183922172","2-s2.0-85183922172","Unlocking the importance of perceived governance: The impact on COVID-19 in NUTS-2 European regions","Alfano V.","Social Science and Medicine","18735347","343",NA,"2024-02-01","February 2024","10.1016/j.socscimed.2024.116590","0","38290397","Journal","ar","Article","116590","18983","0","FALSE",NA,NA,"37","02779536","S0277953624000340",NA
"true","https://api.elsevier.com/content/abstract/scopus_id/85183751066","SCOPUS_ID:85183751066","2-s2.0-85183751066","Embedding co-production of nature-based solutions in urban governance: Emerging co-production capacities in three European cities","Hölscher K.","Environmental Science and Policy","18736416","152",NA,"2024-02-01","February 2024","10.1016/j.envsci.2023.103652","2",NA,"Journal","ar","Article","103652","21536","1","TRUE",NA,NA,"38","14629011","S1462901123003015",NA
"true","https://api.elsevier.com/content/abstract/scopus_id/85183305773","SCOPUS_ID:85183305773","2-s2.0-85183305773","A systematic literature review of the smart city transformation process: The role and interaction of stakeholders and technology","Dai Y.","Sustainable Cities and Society",NA,"101",NA,"2024-02-01","February 2024","10.1016/j.scs.2023.105112","0",NA,"Journal","re","Review","105112","19700194105","1","TRUE","all","All Open Access","39","22106707","S2210670723007217",NA
"true","https://api.elsevier.com/content/abstract/scopus_id/85181444477","SCOPUS_ID:85181444477","2-s2.0-85181444477","Navigating the resource curse: Unraveling the role of governance in regional development in China","Wang X.","Resources Policy",NA,"89",NA,"2024-02-01","February 2024","10.1016/j.resourpol.2023.104561","0",NA,"Journal","ar","Article","104561","110031","0","FALSE",NA,NA,"40","03014207","S0301420723012722",NA
"true","https://api.elsevier.com/content/abstract/scopus_id/85180528524","SCOPUS_ID:85180528524","2-s2.0-85180528524","A decision-making approach for determining strategic priority of sustainable smart city services from citizens’ perspective: A case study of Hong Kong","Liu Y.","Sustainable Cities and Society",NA,"101",NA,"2024-02-01","February 2024","10.1016/j.scs.2023.105147","0",NA,"Journal","ar","Article","105147","19700194105","0","FALSE",NA,NA,"41","22106707","S2210670723007564",NA
"true","https://api.elsevier.com/content/abstract/scopus_id/85180414097","SCOPUS_ID:85180414097","2-s2.0-85180414097","A lack of focus on data sharing, stakeholders, and economic benefits in current global green infrastructure planning","Ruan T.","Journal of Environmental Management","10958630","351",NA,"2024-02-01","February 2024","10.1016/j.jenvman.2023.119849","0","38134507","Journal","ar","Article","119849","23371","0","FALSE",NA,NA,"42","03014797","S0301479723026373",NA
"true","https://api.elsevier.com/content/abstract/scopus_id/85177863648","SCOPUS_ID:85177863648","2-s2.0-85177863648","Revitalizing Urban Places: How Prosocial Organizations Acquire Saliency in the Eyes of Resisting Stakeholders","Capo F.","Journal of Business Ethics","15730697","189","4","2024-02-01","February 2024","10.1007/s10551-023-05562-2","1",NA,"Journal","ar","Article",NA,"23859","1","TRUE","all","All Open Access","43","01674544",NA,"655-675"
"true","https://api.elsevier.com/content/abstract/scopus_id/85170572128","SCOPUS_ID:85170572128","2-s2.0-85170572128","The ‘In/formal Nocturnal City’: Updating a research agenda on nightlife studies from a Southern European perspective","Aramayona B.","Urban Studies","1360063X","61","3","2024-02-01","February 2024","10.1177/00420980231188512","2",NA,"Journal","no","Note",NA,"29684","1","TRUE","all","All Open Access","44","00420980",NA,"589-603"
"true","https://api.elsevier.com/content/abstract/scopus_id/85164157984","SCOPUS_ID:85164157984","2-s2.0-85164157984","Governing capabilities, not places – how to understand social sustainability implementation in urban development","Janssen C.","Urban Studies","1360063X","61","2","2024-02-01","February 2024","10.1177/00420980231179554","1",NA,"Journal","ar","Article",NA,"29684","1","TRUE","all","All Open Access","45","00420980",NA,"331-349"
"true","https://api.elsevier.com/content/abstract/scopus_id/85161678740","SCOPUS_ID:85161678740","2-s2.0-85161678740","Exploring flood mitigation governance by estimating first-floor elevation via deep learning and google street view in coastal Texas","Gao G.","Environment and Planning B: Urban Analytics and City Science","23998091","51","2","2024-02-01","February 2024","10.1177/23998083231175681","2",NA,"Journal","ar","Article",NA,"21101021196","0","FALSE",NA,NA,"46","23998083",NA,"296-313"
"true","https://api.elsevier.com/content/abstract/scopus_id/85185684860","SCOPUS_ID:85185684860","2-s2.0-85185684860","NORTHERN CONSTITUTIONAL FINANCING FUND (FNO) EVALUATION ON SOCIOECONOMIC INDICATORS IMPROVEMENT: A STUDY ON PARÁ STATE FROM 2010 TO 2019","Filho C.B.M.","Revista Brasileira de Gestao e Desenvolvimento Regional","1809239X","20","1","2024-01-31","31 January 2024","10.54399/rbgdr.v20i1.6406","0",NA,"Journal","ar","Article",NA,"7200153148","0","FALSE",NA,NA,"47",NA,NA,"256-276"
"true","https://api.elsevier.com/content/abstract/scopus_id/85150917599","SCOPUS_ID:85150917599","2-s2.0-85150917599","Smart tourism city governance: exploring the impact on stakeholder networks","Ivars-Baidal J.","International Journal of Contemporary Hospitality Management",NA,"36","2","2024-01-30","30 January 2024","10.1108/IJCHM-03-2022-0322","6",NA,"Journal","ar","Article",NA,"144742","0","FALSE","all","All Open Access","48","09596119",NA,"582-601"
"true","https://api.elsevier.com/content/abstract/scopus_id/85184306539","SCOPUS_ID:85184306539","2-s2.0-85184306539","Ethnicity-based political decision making in urbanization using intelligent techniques by integrating GIS with remote sensing: A case study Kirkuk City, Iraq","Abdula M.A.","AIP Conference Proceedings","15517616","2864","1","2024-01-29","29 January 2024","10.1063/5.0186134","0",NA,"Conference Proceeding","cp","Conference Paper","020011","26916","1","TRUE","all","All Open Access","49","0094243X",NA,NA
"true","https://api.elsevier.com/content/abstract/scopus_id/85152086158","SCOPUS_ID:85152086158","2-s2.0-85152086158","Origin, development and evolution: the space construction and cultural motivations of Shi Gandang temple in Macau","Huang L.","Open House International","26339838","49","1","2024-01-15","15 January 2024","10.1108/OHI-09-2022-0234","1",NA,"Journal","ar","Article",NA,"13800154701","1","TRUE","all","All Open Access","50","01682601",NA,"2-17"
"true","https://api.elsevier.com/content/abstract/scopus_id/85140335889","SCOPUS_ID:85140335889","2-s2.0-85140335889","A hybrid decision-making approach for locating rescue materials storage points under public emergencies","Xu W.","Kybernetes",NA,"53","1","2024-01-02","2 January 2024","10.1108/K-07-2022-1060","2",NA,"Journal","ar","Article",NA,"12981","0","FALSE","all","All Open Access","51","0368492X",NA,"293-313"
"true","https://api.elsevier.com/content/abstract/scopus_id/85187807315","SCOPUS_ID:85187807315","2-s2.0-85187807315","Achieving SDGs through Public Participation in Spatial Planning and Urban Governance: International Standards for Effective Implementation","Esposito D.","Lecture Notes in Civil Engineering","23662565","467 LNCE",NA,"2024-01-01","2024","10.1007/978-3-031-54118-6_36","0",NA,"Book Series","cp","Conference Paper",NA,"21100889404","0","FALSE",NA,NA,"52","23662557",NA,"396-407"
"true","https://api.elsevier.com/content/abstract/scopus_id/85187774956","SCOPUS_ID:85187774956","2-s2.0-85187774956","Establishing a Knowledge Value Chain for Sustainable Spatial Planning and Urban Governance: Meeting the SDGs Through Technical Standards","Esposito D.","Lecture Notes in Civil Engineering","23662565","467 LNCE",NA,"2024-01-01","2024","10.1007/978-3-031-54118-6_31","1",NA,"Book Series","cp","Conference Paper",NA,"21100889404","0","FALSE",NA,NA,"53","23662557",NA,"337-349"
"true","https://api.elsevier.com/content/abstract/scopus_id/85187719618","SCOPUS_ID:85187719618","2-s2.0-85187719618","CittaSlow: Hospitality and Sustainable Urban Tourism Development. The Case of Vizela (Northern Portugal)","Gonçalves E.C.","Advances in Science, Technology and Innovation","25228722",NA,NA,"2024-01-01","2024","10.1007/978-3-031-49536-6_7","0",NA,"Book Series","cp","Conference Paper",NA,"21101032300","0","FALSE",NA,NA,"54","25228714",NA,"59-64"
"true","https://api.elsevier.com/content/abstract/scopus_id/85187569218","SCOPUS_ID:85187569218","2-s2.0-85187569218","One-size-does-not-fit-all: The heterogeneous impact of BITs on regions participating in GPNs","Resmini L.","Papers in Regional Science","14355957",NA,NA,"2024-01-01","2024","10.1016/j.pirs.2024.100013","0",NA,"Journal","ar","Article","100013","25205","1","TRUE",NA,NA,"55","10568190","S1056819024000319",NA
"true","https://api.elsevier.com/content/abstract/scopus_id/85187171683","SCOPUS_ID:85187171683","2-s2.0-85187171683","Social structures of urban governance: strategic spatial planning in Addis Ababa","da Cruz N.F.","Territory, Politics, Governance","2162268X",NA,NA,"2024-01-01","2024","10.1080/21622671.2024.2317939","0",NA,"Journal","ar","Article",NA,"21100463834","1","TRUE","all","All Open Access","56","21622671",NA,NA
"true","https://api.elsevier.com/content/abstract/scopus_id/85186622414","SCOPUS_ID:85186622414","2-s2.0-85186622414","Impact of empowerment on public participation awareness in community renewal projects: mediating role of trust and community identity","Sun C.","Journal of Asian Architecture and Building Engineering","13472852",NA,NA,"2024-01-01","2024","10.1080/13467581.2024.2321996","0",NA,"Journal","ar","Article",NA,"12100154707","1","TRUE","all","All Open Access","57","13467581",NA,NA
"true","https://api.elsevier.com/content/abstract/scopus_id/85186556690","SCOPUS_ID:85186556690","2-s2.0-85186556690","How do governance visions, institutions and practices enable urban sustainability transformations? A study of Battambang and Sihanoukville, Cambodia","Lord F.","Frontiers in Sustainable Cities","26249634","6",NA,"2024-01-01","2024","10.3389/frsc.2024.1342524","0",NA,"Journal","ar","Article","1342524","21101072515","1","TRUE","all","All Open Access","58",NA,NA,NA
"true","https://api.elsevier.com/content/abstract/scopus_id/85186547728","SCOPUS_ID:85186547728","2-s2.0-85186547728","“Natural” disasters and regional governance: Evidence from European NUTS-3 regions","Di Marcoberardino D.","Papers in Regional Science","14355957",NA,NA,"2024-01-01","2024","10.1016/j.pirs.2024.100003","0",NA,"Journal","ar","Article","100003","25205","1","TRUE","all","All Open Access","59","10568190","S1056819024000204",NA
"true","https://api.elsevier.com/content/abstract/scopus_id/85186469716","SCOPUS_ID:85186469716","2-s2.0-85186469716","Strategies and stakeholders of the artisanal fisheries management in Tegal City, Indonesia","Mudzakir A.K.","AACL Bioflux","18449166","17","1","2024-01-01","2024",NA,"0",NA,"Journal","ar","Article",NA,"19300156808","0","FALSE",NA,NA,"60","18448143",NA,"180-194"
"true","https://api.elsevier.com/content/abstract/scopus_id/85186469085","SCOPUS_ID:85186469085","2-s2.0-85186469085","Recycled Concrete Aggregates – State of Play in South Africa and Collaborative Programme with IITM","Alexander M.","RILEM Bookseries","22110852","48",NA,"2024-01-01","2024","10.1007/978-3-031-53389-1_25","0",NA,"Book Series","ch","Book Chapter",NA,"21100229405","0","FALSE",NA,NA,"61","22110844",NA,"265-273"
"true","https://api.elsevier.com/content/abstract/scopus_id/85186178871","SCOPUS_ID:85186178871","2-s2.0-85186178871","Urban Governance and Ecological Crisis: Narratives and Conflicts Surrounding the Sustainable Future of Cities","Pradel-Miquel M.","Revista Espanola de Sociologia","24450367","33","1","2024-01-01","2024","10.22325/fes/res.2024.202","0",NA,"Journal","ar","Article",NA,"17600155322","0","FALSE",NA,NA,"62","15782824",NA,"1duumy"
"true","https://api.elsevier.com/content/abstract/scopus_id/85185947623","SCOPUS_ID:85185947623","2-s2.0-85185947623","LONGITUDINAL MIXED MODELS FOR THE GROSS VALUE OF AGRICULTURAL PRODUCTION: A SPATIAL AND REGIONAL ASSESSMENT IN THE STATE OF PARANÁ-BRAZIL","Giron Cima E.","Revista Brasileira de Gestao e Desenvolvimento Regional","1809239X","20","1","2024-01-01","2024","10.54399/rbgdr.v20i1.7348","0",NA,"Journal","ar","Article",NA,"7200153148","0","FALSE",NA,NA,"63",NA,NA,"372-393"
"true","https://api.elsevier.com/content/abstract/scopus_id/85185492452","SCOPUS_ID:85185492452","2-s2.0-85185492452","Citizen participation and acceptance in the context of urban events. An investigation on regional garden shows in Germany","Karic S.","Planning Practice and Research","13600583",NA,NA,"2024-01-01","2024","10.1080/02697459.2024.2315392","0",NA,"Journal","ar","Article",NA,"14683","1","TRUE","all","All Open Access","64","02697459",NA,NA
"true","https://api.elsevier.com/content/abstract/scopus_id/85185454799","SCOPUS_ID:85185454799","2-s2.0-85185454799","Understanding How Racism and Affect Impact Public Opinions toward Affordable Housing in the United States","Douglas I.P.","Journal of Planning Education and Research","15526577",NA,NA,"2024-01-01","2024","10.1177/0739456X241230002","0",NA,"Journal","ar","Article",NA,"13928","0","FALSE",NA,NA,"65","0739456X",NA,NA
"true","https://api.elsevier.com/content/abstract/scopus_id/85185131515","SCOPUS_ID:85185131515","2-s2.0-85185131515","Forging urban diversity regimes: A combined approach to immigrant policymaking and governance in Mannheim","Schiller M.","Governance","14680491",NA,NA,"2024-01-01","2024","10.1111/gove.12857","0",NA,"Journal","ar","Article",NA,"19088","1","TRUE","all","All Open Access","66","09521895",NA,NA
"true","https://api.elsevier.com/content/abstract/scopus_id/85184905995","SCOPUS_ID:85184905995","2-s2.0-85184905995","Institutions shaping capability-centered governance practices","Janssen C.","A+BE Architecture and the Built Environment","22147233",NA,"1","2024-01-01","2024",NA,"0",NA,"Book Series","ch","Book Chapter",NA,"21100780699","0","FALSE",NA,NA,"67","22123202",NA,"139-167"
"true","https://api.elsevier.com/content/abstract/scopus_id/85184895875","SCOPUS_ID:85184895875","2-s2.0-85184895875","Collaborative governance situations relating to capability outcomes","Janssen C.","A+BE Architecture and the Built Environment","22147233",NA,"1","2024-01-01","2024",NA,"0",NA,"Book Series","ch","Book Chapter",NA,"21100780699","0","FALSE",NA,NA,"68","22123202",NA,"113-137"
"true","https://api.elsevier.com/content/abstract/scopus_id/85184719013","SCOPUS_ID:85184719013","2-s2.0-85184719013","Urban Negotiations in Experimental Governance Exercises for the Right to the City: Notes on the Experience of the Arquitectura Expandida Collective","Lopez-Ortego A.M.","Dearq","2215969X","2024","38","2024-01-01","2024","10.18389/dearq38.2024.02","0",NA,"Journal","ar","Article",NA,"21101120351","1","TRUE","all","All Open Access","69","20113188",NA,"14-23"
"true","https://api.elsevier.com/content/abstract/scopus_id/85184610524","SCOPUS_ID:85184610524","2-s2.0-85184610524","Austerity urbanism, local government debt-drive, and post COVID predicaments in Britain","Dagdeviren H.","Journal of Economic Geography","14682710","24","1","2024-01-01","1 January 2024","10.1093/jeg/lbad031","0",NA,"Journal","ar","Article",NA,"22750","1","TRUE","all","All Open Access","70","14682702",NA,"79-94"
"true","https://api.elsevier.com/content/abstract/scopus_id/85184491702","SCOPUS_ID:85184491702","2-s2.0-85184491702","Developing places for human capabilities: Understanding how social sustainability goals are governed into urban development projects","Janssen C.","A+BE Architecture and the Built Environment","22147233","1",NA,"2024-01-01","2024","10.7480/abe.2024.01","0",NA,"Book Series","ar","Article",NA,"21100780699","0","FALSE",NA,NA,"71","22123202",NA,"1-260"
"true","https://api.elsevier.com/content/abstract/scopus_id/85184433131","SCOPUS_ID:85184433131","2-s2.0-85184433131","Driving Urban Digitalisation through a National Mission– a multilevel governance perspective of India’s data smart cities strategy","Chatterji T.","Asia Pacific Journal of Public Administration","23276673",NA,NA,"2024-01-01","2024","10.1080/23276665.2024.2308007","0",NA,"Journal","ar","Article",NA,"21101034382","0","FALSE",NA,NA,"72","23276665",NA,NA
"true","https://api.elsevier.com/content/abstract/scopus_id/85184425258","SCOPUS_ID:85184425258","2-s2.0-85184425258","THE POTENTIAL AND CHALLENGES OF INTEGRATED URBAN GOVERNANCE","Keser I.","Croatian and Comparative Public Administration","18492150","23","4","2024-01-01","2024","10.31297/hkju.23.4.1","0",NA,"Journal","ar","Article",NA,"21100945716","1","TRUE","all","All Open Access","73","18480357",NA,"593-617"
"true","https://api.elsevier.com/content/abstract/scopus_id/85184424200","SCOPUS_ID:85184424200","2-s2.0-85184424200","Perspectives of community members on community-based participatory research: A systematic literature review","Lee J.Y.","Journal of Urban Affairs","14679906",NA,NA,"2024-01-01","2024","10.1080/07352166.2024.2305132","0",NA,"Journal","ar","Article",NA,"13936","1","TRUE","all","All Open Access","74","07352166",NA,NA
"true","https://api.elsevier.com/content/abstract/scopus_id/85183934725","SCOPUS_ID:85183934725","2-s2.0-85183934725","Local policy-making within the multilevel system: A study of governance in peripheral(ised) medium-sized cities undergoing socio-economic transformation in Saxony, Germany and Lower Silesia, Poland","Gajewski R.","Urban Studies","1360063X",NA,NA,"2024-01-01","2024","10.1177/00420980231221085","0",NA,"Journal","ar","Article",NA,"29684","0","FALSE",NA,NA,"75","00420980",NA,NA
"true","https://api.elsevier.com/content/abstract/scopus_id/85183918239","SCOPUS_ID:85183918239","2-s2.0-85183918239","The Climate and a Dilapidated Infrastructure are not in Governed by the Debt Brake","Heine M.","Wirtschaftsdienst","1613978X","104","1","2024-01-01","1 January 2024","10.2478/wd-2024-0009","0",NA,"Journal","ar","Article",NA,"23540","1","TRUE","all","All Open Access","76","00436275",NA,"21-24"
"true","https://api.elsevier.com/content/abstract/scopus_id/85183851111","SCOPUS_ID:85183851111","2-s2.0-85183851111","A war without smoke: Infectious disease panic and its response—A case study of Macao-Portuguese government’s prevention and control of cholera from 1912 to 1949","Zhang J.","Environment and Social Psychology","24248975","9","4","2024-01-01","2024","10.54517/esp.v9i4.2240","0",NA,"Journal","ar","Article","2240","21101117183","1","TRUE",NA,NA,"77","24247979",NA,NA
"true","https://api.elsevier.com/content/abstract/scopus_id/85183444876","SCOPUS_ID:85183444876","2-s2.0-85183444876","De-industrialisation, Urban Governance Challenges and Deteriorating Urban Infrastructure in Norton, Zimbabwe: Is the Town Ruralising?","Magidi M.","Local and Urban Governance","25245457","Part F2103",NA,"2024-01-01","2024","10.1007/978-3-031-49857-2_13","0",NA,"Book Series","ch","Book Chapter",NA,"21101156902","0","FALSE",NA,NA,"78","25245449",NA,"255-269"
"true","https://api.elsevier.com/content/abstract/scopus_id/85183422309","SCOPUS_ID:85183422309","2-s2.0-85183422309","From a Pre-colonial Dzimbabwe Capital to a Colonial Fort and Beyond: Understanding Masvingo City’s Governance Traditions and Growth Patterns","Chatiza K.","Local and Urban Governance","25245457","Part F2103",NA,"2024-01-01","2024","10.1007/978-3-031-49857-2_15","0",NA,"Book Series","ch","Book Chapter",NA,"21101156902","0","FALSE",NA,NA,"79","25245449",NA,"297-312"
"true","https://api.elsevier.com/content/abstract/scopus_id/85183372148","SCOPUS_ID:85183372148","2-s2.0-85183372148","Citizen Participation, Digital Agency, and Urban Development","Tappert S.","Urban Planning","21837635","9",NA,"2024-01-01","2024","10.17645/up.7810","1",NA,"Journal","ed","Editorial","7810","21100856191","1","TRUE","all","All Open Access","80",NA,NA,NA
"true","https://api.elsevier.com/content/abstract/scopus_id/85183371839","SCOPUS_ID:85183371839","2-s2.0-85183371839","The Wharf Street Smart Park Story: A Guide to Navigating Multi-Stakeholder Innovation in Smart Cities","Tiwari R.","Sustainability (Switzerland)","20711050","16","2","2024-01-01","January 2024","10.3390/su16020503","0",NA,"Journal","ar","Article","503","21100240100","1","TRUE","all","All Open Access","81",NA,NA,NA
"true","https://api.elsevier.com/content/abstract/scopus_id/85183357520","SCOPUS_ID:85183357520","2-s2.0-85183357520","Rapid Urbanisation and Urban Governance Responses in Chitungwiza, Zimbabwe","Gambe T.R.","Local and Urban Governance","25245457","Part F2103",NA,"2024-01-01","2024","10.1007/978-3-031-49857-2_2","0",NA,"Book Series","ch","Book Chapter",NA,"21101156902","0","FALSE",NA,NA,"82","25245449",NA,"15-33"
"true","https://api.elsevier.com/content/abstract/scopus_id/85183349120","SCOPUS_ID:85183349120","2-s2.0-85183349120","Participatory Budgeting and Placemaking: Concepts, Methods, and Practices","Costa C.S.","Urban Planning","21837635","9",NA,"2024-01-01","2024","10.17645/up.7162","0",NA,"Journal","ar","Article","7162","21100856191","1","TRUE","all","All Open Access","83",NA,NA,NA
"true","https://api.elsevier.com/content/abstract/scopus_id/85183347341","SCOPUS_ID:85183347341","2-s2.0-85183347341","Governing Urban Food Systems in Secondary Cities: Contestations and Struggles from Chitungwiza, Zimbabwe","Mugumbate H.","Local and Urban Governance","25245457","Part F2103",NA,"2024-01-01","2024","10.1007/978-3-031-49857-2_10","0",NA,"Book Series","ch","Book Chapter",NA,"21101156902","0","FALSE",NA,NA,"84","25245449",NA,"197-214"
"true","https://api.elsevier.com/content/abstract/scopus_id/85183214339","SCOPUS_ID:85183214339","2-s2.0-85183214339","The State of Research on Emerging Information and Communication Technologies for Sustainable Development","Januszewski A.","Adoption of Emerging Information and Communication Technology for Sustainability",NA,NA,NA,"2024-01-01","1 January 2024","10.1201/9781003316572-3","0",NA,"Book","ch","Book Chapter",NA,"21101197508","0","FALSE",NA,NA,"85",NA,NA,"27-49"
"true","https://api.elsevier.com/content/abstract/scopus_id/85183195548","SCOPUS_ID:85183195548","2-s2.0-85183195548","The Impact of Governance Structures on the Distribution of Land Consolidation Benefits in Urban Areas: Case Studies in Ningbo, China","Lu W.","Land","2073445X","13","1","2024-01-01","January 2024","10.3390/land13010046","0",NA,"Journal","ar","Article","46","21100811521","1","TRUE","all","All Open Access","86",NA,NA,NA
"true","https://api.elsevier.com/content/abstract/scopus_id/85183175267","SCOPUS_ID:85183175267","2-s2.0-85183175267","Regional Ecological Security Assessment Based on the Pressure–State–Response Framework: The Demonstration Zone of Yangtze River Delta as an Example","Ren E.","Land","2073445X","13","1","2024-01-01","January 2024","10.3390/land13010096","0",NA,"Journal","ar","Article","96","21100811521","1","TRUE","all","All Open Access","87",NA,NA,NA
"true","https://api.elsevier.com/content/abstract/scopus_id/85183090070","SCOPUS_ID:85183090070","2-s2.0-85183090070","The Emergence of Artificial Intelligence in Anticipatory Urban Governance: Multi-Scalar Evidence of China’s Transition to City Brains","Xu Y.","Journal of Urban Technology","14661853",NA,NA,"2024-01-01","2024","10.1080/10630732.2023.2292823","0",NA,"Journal","ar","Article",NA,"13312","0","FALSE",NA,NA,"88","10630732",NA,NA
"true","https://api.elsevier.com/content/abstract/scopus_id/85183043766","SCOPUS_ID:85183043766","2-s2.0-85183043766","Russia's Security Perceptions and Arctic Governance","Borozna A.","Politics and Governance","21832463","12",NA,"2024-01-01","2024","10.17645/pag.7313","1",NA,"Journal","ar","Article","7313","21100427853","1","TRUE","all","All Open Access","89",NA,NA,NA
"true","https://api.elsevier.com/content/abstract/scopus_id/85183040047","SCOPUS_ID:85183040047","2-s2.0-85183040047","Costly Signaling and China's Strategic Engagement in Arctic Regional Governance","Wang Y.","Politics and Governance","21832463","12",NA,"2024-01-01","2024","10.17645/pag.7222","1",NA,"Journal","ar","Article","7222","21100427853","1","TRUE","all","All Open Access","90",NA,NA,NA
"true","https://api.elsevier.com/content/abstract/scopus_id/85183021351","SCOPUS_ID:85183021351","2-s2.0-85183021351","Exploring resource-wise stakeholder engagements for low-income housing development in urban Punjab, Pakistan","Malik S.","Journal of Urban Management","25890360",NA,NA,"2024-01-01","2024","10.1016/j.jum.2024.01.002","0",NA,"Journal","ar","Article",NA,"21100907127","1","TRUE","all","All Open Access","91","22265856","S2226585624000025",NA
"true","https://api.elsevier.com/content/abstract/scopus_id/85182994952","SCOPUS_ID:85182994952","2-s2.0-85182994952","Governing Arctic Seals: A Longitudinal Analysis of News and Policy Discourse","Gehrke C.","Politics and Governance","21832463","12",NA,"2024-01-01","2024","10.17645/pag.7304","1",NA,"Journal","ar","Article","7304","21100427853","1","TRUE","all","All Open Access","92",NA,NA,NA
"true","https://api.elsevier.com/content/abstract/scopus_id/85182994155","SCOPUS_ID:85182994155","2-s2.0-85182994155","Arctic Regional Governance: Actors and Transformations","Obydenkova A.","Politics and Governance","21832463","12",NA,"2024-01-01","2024","10.17645/pag.7714","0",NA,"Journal","ed","Editorial","7714","21100427853","1","TRUE","all","All Open Access","93",NA,NA,NA
"true","https://api.elsevier.com/content/abstract/scopus_id/85182648170","SCOPUS_ID:85182648170","2-s2.0-85182648170","TERRITORIAL DEVELOPMENT: REFLECTION OF RURAL COOPERATIVISM IN THE SOUTHEAST OF THE STATE OF TOCANTINS","Neves Bigeli B.C.M.","Revista de Gestao Social e Ambiental","1981982X","18","3","2024-01-01","2024","10.24857/rgsa.v18n3-022","0",NA,"Journal","ar","Article","e04398","21100268407","1","TRUE","all","All Open Access","94",NA,NA,NA
"true","https://api.elsevier.com/content/abstract/scopus_id/85182460717","SCOPUS_ID:85182460717","2-s2.0-85182460717","Are well-designed places possible? A model of design governance intervention in the planning, design and development of new neighbourhoods","White J.T.","Journal of Urban Design","14699664",NA,NA,"2024-01-01","2024","10.1080/13574809.2023.2296885","0",NA,"Journal","ar","Article",NA,"13953","1","TRUE","all","All Open Access","95","13574809",NA,NA
"true","https://api.elsevier.com/content/abstract/scopus_id/85182185003","SCOPUS_ID:85182185003","2-s2.0-85182185003","City Governance, Participatory Democracy, and Cultural Heritage in Barcelona, 1986–2022","Colomer L.","Historic Environment: Policy and Practice","17567505","15","1","2024-01-01","2024","10.1080/17567505.2023.2298546","0",NA,"Journal","ar","Article",NA,"21100375835","1","TRUE","all","All Open Access","96",NA,NA,"81-100"
"true","https://api.elsevier.com/content/abstract/scopus_id/85182177984","SCOPUS_ID:85182177984","2-s2.0-85182177984","The impact of Chinese government’s attention on inclusive green development: evidence from 253 cities in China","Dong B.","Environment, Development and Sustainability","15732975",NA,NA,"2024-01-01","2024","10.1007/s10668-023-04361-z","0",NA,"Journal","ar","Article",NA,"20902","0","FALSE",NA,NA,"97","1387585X",NA,NA
"true","https://api.elsevier.com/content/abstract/scopus_id/85181950932","SCOPUS_ID:85181950932","2-s2.0-85181950932","Net-Zero Energy Campuses in India: Blending Education and Governance for Sustainable and Just Transition","Kalluri B.","Sustainability (Switzerland)","20711050","16","1","2024-01-01","January 2024","10.3390/su16010087","0",NA,"Journal","ar","Article","87","21100240100","1","TRUE","all","All Open Access","98",NA,NA,NA
"true","https://api.elsevier.com/content/abstract/scopus_id/85181931008","SCOPUS_ID:85181931008","2-s2.0-85181931008","PROMOTION OF THE BAHIA PRODUCTIVE PROJECT FOR THE COFFEE PRODUCTION CHAIN IN THE STATE OF BAHIA, BRAZIL: AN ANALYSIS OF PUBLIC POLICIES AND GEOGRAPHICAL INDICATION","Silva D.T.","Revista de Gestao Social e Ambiental","1981982X","18","3","2024-01-01","2024","10.24857/rgsa.v18n3-006","0",NA,"Journal","ar","Article","e04174","21100268407","1","TRUE","all","All Open Access","99",NA,NA,NA
"true","https://api.elsevier.com/content/abstract/scopus_id/85181492404","SCOPUS_ID:85181492404","2-s2.0-85181492404","Homeless Clients' Circulation in Emergency Care: Rethinking Poverty Governance as Urban Impasse","Krüger D.","Tijdschrift voor Economische en Sociale Geografie","14679663",NA,NA,"2024-01-01","2024","10.1111/tesg.12601","0",NA,"Journal","ar","Article",NA,"13176","1","TRUE","all","All Open Access","100","0040747X",NA,NA
"true","https://api.elsevier.com/content/abstract/scopus_id/85181230631","SCOPUS_ID:85181230631","2-s2.0-85181230631","Devolution and local government: 25 years beyond the Belfast (Good Friday) Agreement","Carmichael P.","Regional and Federal Studies","17439434",NA,NA,"2024-01-01","2024","10.1080/13597566.2023.2300136","0",NA,"Journal","ar","Article",NA,"27574","0","FALSE",NA,NA,"101","13597566",NA,NA
"true","https://api.elsevier.com/content/abstract/scopus_id/85181222049","SCOPUS_ID:85181222049","2-s2.0-85181222049","Urban state venturism: On state-led venture capital investments in the urban process of capital accumulation","Su X.","Dialogues in Human Geography","20438214",NA,NA,"2024-01-01","2024","10.1177/20438206231220724","0",NA,"Journal","ar","Article",NA,"21100465422","1","TRUE","all","All Open Access","102","20438206",NA,NA
"true","https://api.elsevier.com/content/abstract/scopus_id/85181098153","SCOPUS_ID:85181098153","2-s2.0-85181098153","Spatial-temporal traffic data imputation based on dynamic multi-level generative adversarial networks for urban governance","Zhang B.","Applied Soft Computing",NA,"151",NA,"2024-01-01","January 2024","10.1016/j.asoc.2023.111128","0",NA,"Journal","ar","Article","111128","18136","0","FALSE",NA,NA,"103","15684946","S1568494623011468",NA
"true","https://api.elsevier.com/content/abstract/scopus_id/85180635415","SCOPUS_ID:85180635415","2-s2.0-85180635415","Life Cycle Environmental Impact Assessment of a Social Interest Housing Unit: Strategies for Constructive Systems Decision-Making","Di Domênico M.B.","Lecture Notes in Civil Engineering","23662565","444",NA,"2024-01-01","2024","10.1007/978-3-031-48461-2_45","0",NA,"Book Series","cp","Conference Paper",NA,"21100889404","0","FALSE",NA,NA,"104","23662557",NA,"529-540"
"true","https://api.elsevier.com/content/abstract/scopus_id/85179892143","SCOPUS_ID:85179892143","2-s2.0-85179892143","Ranking the optimal combination of low-impact urban development systems under climate change with the TODIM multi-criteria decision-making method","Ashofteh P.S.","Journal of Cleaner Production",NA,"434",NA,"2024-01-01","1 January 2024","10.1016/j.jclepro.2023.140108","0",NA,"Journal","ar","Article","140108","19167","0","FALSE",NA,NA,"105","09596526","S095965262304266X",NA
"true","https://api.elsevier.com/content/abstract/scopus_id/85178381615","SCOPUS_ID:85178381615","2-s2.0-85178381615","Research on the air pollution reduction effect of winter clean heating policy","Han D.","Urban Climate",NA,"53",NA,"2024-01-01","January 2024","10.1016/j.uclim.2023.101760","0",NA,"Journal","ar","Article","101760","21100220478","1","TRUE","all","All Open Access","106","22120955","S2212095523003541",NA
"true","https://api.elsevier.com/content/abstract/scopus_id/85177653644","SCOPUS_ID:85177653644","2-s2.0-85177653644","Building internal reputation in stigmatised neighbourhoods: the use of remote participatory photo mapping","Casarin G.","Visual Studies","14725878","39","1-2","2024-01-01","2024","10.1080/1472586X.2023.2282578","0",NA,"Journal","ar","Article",NA,"5900152783","1","TRUE","all","All Open Access","107","1472586X",NA,"164-183"
"true","https://api.elsevier.com/content/abstract/scopus_id/85177170432","SCOPUS_ID:85177170432","2-s2.0-85177170432","Geographies of Opportunity for Youth Across the Contiguous United States","Hatch E.","Professional Geographer","14679272","76","2","2024-01-01","2024","10.1080/00330124.2023.2261516","0",NA,"Journal","ar","Article",NA,"12440","0","FALSE",NA,NA,"108","00330124",NA,"207-230"
"true","https://api.elsevier.com/content/abstract/scopus_id/85175989444","SCOPUS_ID:85175989444","2-s2.0-85175989444","Responding to Regional Revitalisation and Socio-economic Challenges in Japan: Government Approaches and Use of Advanced Technologies","Shima Y.","Lecture Notes in Computer Science (including subseries Lecture Notes in Artificial Intelligence and Lecture Notes in Bioinformatics)","16113349","14322 LNCS",NA,"2024-01-01","2024","10.1007/978-981-99-7339-2_24","0",NA,"Book Series","cp","Conference Paper",NA,"25674","0","FALSE",NA,NA,"109","03029743",NA,"276-287"
"true","https://api.elsevier.com/content/abstract/scopus_id/85175578031","SCOPUS_ID:85175578031","2-s2.0-85175578031","Firm-level carbon risk awareness and Green transformation: A research on the motivation and consequences from government regulation and regional development perspective","Deng W.","International Review of Financial Analysis",NA,"91",NA,"2024-01-01","January 2024","10.1016/j.irfa.2023.103026","2",NA,"Journal","ar","Article","103026","17385","0","FALSE",NA,NA,"110","10575219","S1057521923005422",NA
"true","https://api.elsevier.com/content/abstract/scopus_id/85165606692","SCOPUS_ID:85165606692","2-s2.0-85165606692","Party-led public participation in neighborhood governance: a comparative analysis of two forms of social networks","Li H.","Journal of Chinese Governance","23812354","9","1","2024-01-01","2024","10.1080/23812346.2023.2238329","0",NA,"Journal","ar","Article",NA,"21100975552","1","TRUE","all","All Open Access","111","23812346",NA,"130-152"
"true","https://api.elsevier.com/content/abstract/scopus_id/85162672061","SCOPUS_ID:85162672061","2-s2.0-85162672061","Do Land Banks Mean Progress Toward Socially Equitable Urban Development? Observations from New York State","Small Z.","Urban Affairs Review","15528332","60","1","2024-01-01","January 2024","10.1177/10780874231169923","1",NA,"Journal","ar","Article",NA,"29643","0","FALSE",NA,NA,"112","10780874",NA,"272-303"
"true","https://api.elsevier.com/content/abstract/scopus_id/85142166197","SCOPUS_ID:85142166197","2-s2.0-85142166197","Everyone wins? UK housing provision, government shared equity loans, and the reallocation of risks and returns after the Global Financial Crisis","Manlangit M.","International Journal of Housing Policy","19491255","24","1","2024-01-01","2024","10.1080/19491247.2022.2123270","0",NA,"Journal","ar","Article",NA,"13278","1","TRUE","all","All Open Access","113","19491247",NA,"98-120"
"true","https://api.elsevier.com/content/abstract/scopus_id/85141644080","SCOPUS_ID:85141644080","2-s2.0-85141644080","Urban living and the search for new societal metaphors: Insights from Brussels participatory arts practices","Dewinter H.","Social and Cultural Geography","14701197","25","2","2024-01-01","2024","10.1080/14649365.2022.2143878","0",NA,"Journal","ar","Article",NA,"25967","0","FALSE","all","All Open Access","114","14649365",NA,"295-315"
"true","https://api.elsevier.com/content/abstract/scopus_id/85136972204","SCOPUS_ID:85136972204","2-s2.0-85136972204","Urban governance and the implementation of major infrastructure projects in Kumasi, Ghana","Amoako C.","African Geographical Review",NA,"43","1","2024-01-01","2024","10.1080/19376812.2022.2112717","0",NA,"Journal","ar","Article",NA,"19600161831","0","FALSE",NA,NA,"115","19376812",NA,"112-124"
"true","https://api.elsevier.com/content/abstract/scopus_id/85135249639","SCOPUS_ID:85135249639","2-s2.0-85135249639","The quality of government and administrative performance: explaining Cohesion Policy compliance, absorption and achievements across EU regions","Mendez C.","Regional Studies","13600591","58","4","2024-01-01","2024","10.1080/00343404.2022.2083593","11",NA,"Journal","ar","Article",NA,"15143","1","TRUE","all","All Open Access","116","00343404",NA,"690-703"
"true","https://api.elsevier.com/content/abstract/scopus_id/85132425757","SCOPUS_ID:85132425757","2-s2.0-85132425757","In the name of “low-carbon cities”: National rhetoric, local leverage, and divergent exploitation of the greening of urban governance in China","Lin G.C.S.","Journal of Urban Affairs","14679906","46","3","2024-01-01","2024","10.1080/07352166.2022.2060114","1",NA,"Journal","ar","Article",NA,"13936","0","FALSE",NA,NA,"117","07352166",NA,"587-609"
"true","https://api.elsevier.com/content/abstract/scopus_id/85131050282","SCOPUS_ID:85131050282","2-s2.0-85131050282","Nomocracy versus teleocracy: Comparing participatory urban redevelopment in Shenzhen and Kashgar","Li X.","Journal of Urban Affairs","14679906","46","2","2024-01-01","2024","10.1080/07352166.2022.2053779","2",NA,"Journal","ar","Article",NA,"13936","0","FALSE",NA,NA,"118","07352166",NA,"298-318"
"true","https://api.elsevier.com/content/abstract/scopus_id/85126714353","SCOPUS_ID:85126714353","2-s2.0-85126714353","Muhtars becoming real estate agents: Changing roles of neighborhood representatives in relation to the state-led urban transformation in Çinçin, Ankara, Turkey","Aykaç G.","Journal of Urban Affairs","14679906","46","1","2024-01-01","2024","10.1080/07352166.2022.2027779","0",NA,"Journal","ar","Article",NA,"13936","0","FALSE",NA,NA,"119","07352166",NA,"160-178"
"true","https://api.elsevier.com/content/abstract/scopus_id/85181956106","SCOPUS_ID:85181956106","2-s2.0-85181956106","A STATE-LEVEL ANALYSIS OF MEXICAN EDUCATION AND ITS IMPACT ON REGIONAL, ECONOMIC, AND SOCIAL DEVELOPMENT: TWO-STAGE NETWORK DEA APPROACH","Flegl M.","Journal on Efficiency and Responsibility in Education and Science","18031617","16","4","2023-12-31","31 December 2023","10.7160/eriesj.2023.160402","0",NA,"Journal","ar","Article",NA,"21100898037","1","TRUE","all","All Open Access","120","23362375",NA,"275-286"
"true","https://api.elsevier.com/content/abstract/scopus_id/85180638733","SCOPUS_ID:85180638733","2-s2.0-85180638733","Front Porch Conversations: Methodological Innovations to Participatory Action Research &amp; Asset-Based Community Development","Brewer J.","Gateways","18363393","16","2","2023-12-22","22 December 2023","10.5130/ijcre.v16i2.8670","0",NA,"Journal","ar","Article",NA,"21101117185","1","TRUE","all","All Open Access","121",NA,NA,NA
"true","https://api.elsevier.com/content/abstract/scopus_id/85180165136","SCOPUS_ID:85180165136","2-s2.0-85180165136","Multicriteria Evaluation Techniques in territorial decision-making: estimation of urban reception capacity in the Metropolitan Area of Murcia","Giménez-García R.","Ciudad y Territorio Estudios Territoriales","11334762","55","218","2023-12-18","18 December 2023","10.37230/CyTET.2023.218.1","0",NA,"Journal","ar","Article",NA,"21100381612","1","TRUE","all","All Open Access","122",NA,NA,"987-1012"
"true","https://api.elsevier.com/content/abstract/scopus_id/85180385835","SCOPUS_ID:85180385835","2-s2.0-85180385835","Literature Study on the Role of Artificial Intelligence Waste Management into Biomass Briquettes Toward Smart City Governance","Saptadi N.S.T.","AIP Conference Proceedings","15517616","2680","1","2023-12-07","7 December 2023","10.1063/5.0126046","0",NA,"Conference Proceeding","cp","Conference Paper","020048","26916","0","FALSE",NA,NA,"123","0094243X",NA,NA
"true","https://api.elsevier.com/content/abstract/scopus_id/85179832173","SCOPUS_ID:85179832173","2-s2.0-85179832173","Research on Shenzhen-Hong Kong Cross-Boundary Regional Collaborative Development from the Perspective of Cross-Boundary Governing Network","Li Y.","Tropical Geography",NA,"43","12","2023-12-05","5 December 2023","10.13284/j.cnki.rddl.003787","0",NA,"Journal","ar","Article",NA,"21101046627","0","FALSE",NA,NA,"124","10015221",NA,"2249-2262"
"true","https://api.elsevier.com/content/abstract/scopus_id/85181000309","SCOPUS_ID:85181000309","2-s2.0-85181000309","A study of components predicting smart governance in Prishtina, Kosovo","Hoxha V.","Urbani Izziv","18558399","34","2","2023-12-01","December 2023","10.5379/urbani-izziv-en-2023-34-02-01","0",NA,"Journal","ar","Article",NA,"20500195076","1","TRUE","all","All Open Access","125","03536483",NA,"63-72"
"true","https://api.elsevier.com/content/abstract/scopus_id/85180726211","SCOPUS_ID:85180726211","2-s2.0-85180726211","Deciphering the Relationship between Regional Production Factors, Governance, and the Economic Performance of Metropolitan Areas in China","Yan J.","Land","2073445X","12","12","2023-12-01","December 2023","10.3390/land12122185","0",NA,"Journal","ar","Article","2185","21100811521","1","TRUE",NA,NA,"126",NA,NA,NA
"true","https://api.elsevier.com/content/abstract/scopus_id/85180682342","SCOPUS_ID:85180682342","2-s2.0-85180682342","Heterogeneity and Spatial Governance of Synergy between Human Activities and Ecological Conservation in the Qinghai–Xizang Plateau, China","Wu L.","Land","2073445X","12","12","2023-12-01","December 2023","10.3390/land12122103","0",NA,"Journal","ar","Article","2103","21100811521","1","TRUE","all","All Open Access","127",NA,NA,NA
"true","https://api.elsevier.com/content/abstract/scopus_id/85180256840","SCOPUS_ID:85180256840","2-s2.0-85180256840","Polycentric urban development with state-led administrative division adjustment: A policy insight for urban spatial transformation","Chen Y.","Journal of Geographical Sciences","18619568","33","12","2023-12-01","December 2023","10.1007/s11442-023-2182-y","0",NA,"Journal","ar","Article",NA,"4700152634","0","FALSE",NA,NA,"128","1009637X",NA,"2400-2424"
"true","https://api.elsevier.com/content/abstract/scopus_id/85179653975","SCOPUS_ID:85179653975","2-s2.0-85179653975","Strategies for mainstreaming nature-based solutions in urban governance capacities in ten European cities","Hölscher K.","npj Urban Sustainability","26618001","3","1","2023-12-01","December 2023","10.1038/s42949-023-00134-9","1",NA,"Journal","ar","Article","54","21101192674","1","TRUE","all","All Open Access","129",NA,NA,NA
"true","https://api.elsevier.com/content/abstract/scopus_id/85178850295","SCOPUS_ID:85178850295","2-s2.0-85178850295","A participatory system map of the adverse influence of urban environments on population health: integrating urban development and preventive health expertise","Prior J.","Public Health Research and Practice","22042091","33","4","2023-12-01","December 2023","10.17061/phrp3342335","1","38052202","Journal","ar","Article","e3342335","21100784204","1","TRUE","all","All Open Access","130",NA,NA,NA
"true","https://api.elsevier.com/content/abstract/scopus_id/85178445615","SCOPUS_ID:85178445615","2-s2.0-85178445615","A Satellite Imagery Dataset for Long-Term Sustainable Development in United States Cities","Xi Y.","Scientific Data","20524463","10","1","2023-12-01","December 2023","10.1038/s41597-023-02576-3","0","38049491","Journal","dp","Data Paper","866","21100451321","1","TRUE","all","All Open Access","131",NA,NA,NA
"true","https://api.elsevier.com/content/abstract/scopus_id/85178327274","SCOPUS_ID:85178327274","2-s2.0-85178327274","Supporting healthy community decision-making in municipalities: A synthesis of evidence-informed resources from across Canada","Kim M.O.","Wellbeing, Space and Society","26665581","5",NA,"2023-12-01","December 2023","10.1016/j.wss.2023.100180","0",NA,"Journal","re","Review","100180","21101079132","1","TRUE","all","All Open Access","132",NA,"S2666558123000532",NA
"true","https://api.elsevier.com/content/abstract/scopus_id/85177202145","SCOPUS_ID:85177202145","2-s2.0-85177202145","Rebel governance without territorial control: The experiences of the PKK in 1970s Turkey","O'Connor F.","Geoforum",NA,"147",NA,"2023-12-01","December 2023","10.1016/j.geoforum.2023.103904","1",NA,"Journal","ar","Article","103904","28611","1","TRUE","all","All Open Access","133","00167185","S0016718523002300",NA
"true","https://api.elsevier.com/content/abstract/scopus_id/85176286459","SCOPUS_ID:85176286459","2-s2.0-85176286459","Gaps in urban planning: A systematic review of policy-making in the informality of urban space","Rafieian M.","Habitat International",NA,"142",NA,"2023-12-01","December 2023","10.1016/j.habitatint.2023.102962","0",NA,"Journal","ar","Article","102962","13760","0","FALSE",NA,NA,"134","01973975","S0197397523002229",NA
"true","https://api.elsevier.com/content/abstract/scopus_id/85176214046","SCOPUS_ID:85176214046","2-s2.0-85176214046","Fight against indiscipline? The governance of street trader displacements in Oshodi Market, Lagos","Omoegun A.","Geoforum",NA,"147",NA,"2023-12-01","December 2023","10.1016/j.geoforum.2023.103889","0",NA,"Journal","ar","Article","103889","28611","0","FALSE",NA,NA,"135","00167185","S0016718523002154",NA
"true","https://api.elsevier.com/content/abstract/scopus_id/85175377448","SCOPUS_ID:85175377448","2-s2.0-85175377448","‘Human rights cities’ in Africa? Rights as resources for urban governance in the Global South","Pieterse M.","Journal of Law and Society","14676478","50","4","2023-12-01","December 2023","10.1111/jols.12449","0",NA,"Journal","ar","Article",NA,"16241","1","TRUE",NA,NA,"136","0263323X",NA,"538-557"
"true","https://api.elsevier.com/content/abstract/scopus_id/85175051670","SCOPUS_ID:85175051670","2-s2.0-85175051670","State-market dynamics of central business district (CBD) development in Chinese cities – An anchor-firm perspective","Yang F.F.","Cities",NA,"143",NA,"2023-12-01","December 2023","10.1016/j.cities.2023.104622","0",NA,"Journal","ar","Article","104622","16956","0","FALSE",NA,NA,"137","02642751","S0264275123004341",NA
"true","https://api.elsevier.com/content/abstract/scopus_id/85174851266","SCOPUS_ID:85174851266","2-s2.0-85174851266","Solidarity mobilization and citizen participation effectiveness in urban area: The case of community recycling program","Yang F.","Cities",NA,"143",NA,"2023-12-01","December 2023","10.1016/j.cities.2023.104623","0",NA,"Journal","ar","Article","104623","16956","0","FALSE",NA,NA,"138","02642751","S0264275123004353",NA
"true","https://api.elsevier.com/content/abstract/scopus_id/85173665160","SCOPUS_ID:85173665160","2-s2.0-85173665160","An Assessment of Sustainability for Residential Skyscrapers in Accordance with a Multicriteria Decision-Making Method: Nine Dubai Case Studies","Maleki B.","Journal of Architectural Engineering","19435568","29","4","2023-12-01","1 December 2023","10.1061/JAEIED.AEENG-1559","0",NA,"Journal","ar","Article","04023038","91547","0","FALSE","all","All Open Access","139","10760431",NA,NA
"true","https://api.elsevier.com/content/abstract/scopus_id/85172197649","SCOPUS_ID:85172197649","2-s2.0-85172197649","Neoliberal urban development and the polarization of urban governance","Baffoe G.","Cities",NA,"143",NA,"2023-12-01","December 2023","10.1016/j.cities.2023.104570","0",NA,"Journal","ar","Article","104570","16956","1","TRUE","all","All Open Access","140","02642751","S0264275123003827",NA
"true","https://api.elsevier.com/content/abstract/scopus_id/85171651594","SCOPUS_ID:85171651594","2-s2.0-85171651594","How does stakeholder loss aversion affect the promotion of green housing?","Li Q.","Economic Analysis and Policy",NA,"80",NA,"2023-12-01","December 2023","10.1016/j.eap.2023.09.015","0",NA,"Journal","ar","Article",NA,"5800191435","0","FALSE",NA,NA,"141","03135926","S0313592623002229","647-668"
"true","https://api.elsevier.com/content/abstract/scopus_id/85170856172","SCOPUS_ID:85170856172","2-s2.0-85170856172","Towards resilient neighbourhood governance: social tensions in Shanghai’s gated communities before and during the pandemic","He J.","Humanities and Social Sciences Communications","26629992","10","1","2023-12-01","December 2023","10.1057/s41599-023-02085-z","0",NA,"Journal","ar","Article","568","21101018925","1","TRUE","all","All Open Access","142",NA,NA,NA
"true","https://api.elsevier.com/content/abstract/scopus_id/85168258652","SCOPUS_ID:85168258652","2-s2.0-85168258652","Circularity-based decision-making framework for the integrated conservation of built heritage: the case of the Medina of Tunis","Tira Y.","Built Heritage","26626802","7","1","2023-12-01","December 2023","10.1186/s43238-023-00093-1","0",NA,"Journal","ar","Article","16","21101038705","1","TRUE","all","All Open Access","143","20963041",NA,NA
"true","https://api.elsevier.com/content/abstract/scopus_id/85168153273","SCOPUS_ID:85168153273","2-s2.0-85168153273","Governance of Urban Infrastructure in India: Exploring the Approaches, Attributes, and Opportunities Towards Sustainability","De J.","Global Social Welfare","21968799","10","4","2023-12-01","December 2023","10.1007/s40609-023-00306-6","0",NA,"Journal","ar","Article",NA,"21100902532","0","FALSE",NA,NA,"144",NA,NA,"383-398"
"true","https://api.elsevier.com/content/abstract/scopus_id/85166026751","SCOPUS_ID:85166026751","2-s2.0-85166026751","Framework for the application of ecosystem services based urban ecological carrying capacity assessment in the urban decision-making process","Nazer N.","Environmental Challenges","26670100","13",NA,"2023-12-01","December 2023","10.1016/j.envc.2023.100745","0",NA,"Journal","ar","Article","100745","21101055470","1","TRUE","all","All Open Access","145",NA,"S2667010023000690",NA
"true","https://api.elsevier.com/content/abstract/scopus_id/85153937816","SCOPUS_ID:85153937816","2-s2.0-85153937816","Local Immigrant Councils as a Form of Participation and Governance: How Institutional Design and Agency Matter","Schiller M.","Journal of International Migration and Integration","18746365","24","4","2023-12-01","December 2023","10.1007/s12134-023-01038-4","3",NA,"Journal","ar","Article",NA,"5600155054","1","TRUE","all","All Open Access","146","14883473",NA,"1773-1794"
"true","https://api.elsevier.com/content/abstract/scopus_id/85150948323","SCOPUS_ID:85150948323","2-s2.0-85150948323","Public trust in the Chinese government and life satisfaction during the early stages of the COVID-19 pandemic","Cai Q.","International Review of Administrative Sciences","14617226","89","4","2023-12-01","December 2023","10.1177/00208523231161297","3",NA,"Journal","ar","Article",NA,"15807","0","FALSE",NA,NA,"147","00208523",NA,"1165-1185"
"true","https://api.elsevier.com/content/abstract/scopus_id/85149957576","SCOPUS_ID:85149957576","2-s2.0-85149957576","Power relations are central to shaping collaborative governance of the urban sharing economy","Cao J.","Humanities and Social Sciences Communications","26629992","10","1","2023-12-01","December 2023","10.1057/s41599-023-01600-6","2",NA,"Journal","ar","Article","85","21101018925","1","TRUE","all","All Open Access","148",NA,NA,NA
"true","https://api.elsevier.com/content/abstract/scopus_id/85148102630","SCOPUS_ID:85148102630","2-s2.0-85148102630","Efficiency and optimization of government service resource allocation in a cloud computing environment","Guo Y.g.","Journal of Cloud Computing","2192113X","12","1","2023-12-01","December 2023","10.1186/s13677-023-00400-2","5",NA,"Journal","ar","Article","18","21100383744","1","TRUE","all","All Open Access","149",NA,NA,NA
"true","https://api.elsevier.com/content/abstract/scopus_id/85147837031","SCOPUS_ID:85147837031","2-s2.0-85147837031","‘Harnessing the power of the law’: a qualitative analysis of the legal determinants of health in English urban planning and recommendations for fairer and healthier decision-making","Montel L.","BMC Public Health","14712458","23","1","2023-12-01","December 2023","10.1186/s12889-023-15166-0","3","36774508","Journal","ar","Article","310","19621","1","TRUE","all","All Open Access","150",NA,NA,NA
"true","https://api.elsevier.com/content/abstract/scopus_id/85146569258","SCOPUS_ID:85146569258","2-s2.0-85146569258","Does club convergence matter? Empirical evidence on inequality in the human development index among Indian states","Nag A.","Humanities and Social Sciences Communications","26629992","10","1","2023-12-01","December 2023","10.1057/s41599-023-01518-z","1",NA,"Journal","ar","Article","25","21101018925","1","TRUE","all","All Open Access","151",NA,NA,NA
"true","https://api.elsevier.com/content/abstract/scopus_id/85145419830","SCOPUS_ID:85145419830","2-s2.0-85145419830","“All the World's a Stage?” A Role Theory Analysis of City Diplomacy in Global Migration Governance","Stürner-Siovitz J.","International Migration Review","17477379","57","4","2023-12-01","December 2023","10.1177/01979183221139113","2",NA,"Journal","ar","Article",NA,"26857","0","FALSE",NA,NA,"152","01979183",NA,"1329-1361"
"true","https://api.elsevier.com/content/abstract/scopus_id/85131818700","SCOPUS_ID:85131818700","2-s2.0-85131818700","Lean-offsite-simulation nexus for housing construction: a state-of-the-art review of the existing knowledge","Daniel E.I.","Construction Innovation","14770857","23","5","2023-11-27","27 November 2023","10.1108/CI-03-2022-0051","3",NA,"Journal","re","Review",NA,"19900191719","0","FALSE","all","All Open Access","153","14714175",NA,"994-1017"
"true","https://api.elsevier.com/content/abstract/scopus_id/85179738976","SCOPUS_ID:85179738976","2-s2.0-85179738976","Digital economy, urban space network development and governance challenges","Zhu W.","World Regional Studies",NA,"32","11","2023-11-15","15 November 2023","10.3969/j.issn.1004-9479.2023.11.2021185","0",NA,"Journal","ar","Article",NA,"21101185482","0","FALSE",NA,NA,"154","10049479",NA,"82-93"
"true","https://api.elsevier.com/content/abstract/scopus_id/85174565188","SCOPUS_ID:85174565188","2-s2.0-85174565188","A stakeholder analysis for sustainable development of Maritime Village in Semarang coastal community, Indonesia","Kismartini K.","Public Administration and Policy","2517679X","26","3","2023-11-13","13 November 2023","10.1108/PAP-10-2022-0119","1",NA,"Journal","ar","Article",NA,"21101076085","1","TRUE","all","All Open Access","155","17272645",NA,"321-334"
"true","https://api.elsevier.com/content/abstract/scopus_id/85179076999","SCOPUS_ID:85179076999","2-s2.0-85179076999","Spatial reconstruction and global-local interactions of governance in transnational space: Case studies in the city of Düsseldorf, Germany","Li Z.","Dili Yanjiu",NA,"42","11","2023-11-10","10 November 2023","10.11821/dlyj020230139","0",NA,"Journal","ar","Article",NA,"21101141803","0","FALSE",NA,NA,"156","10000585",NA,"2899-2913"
"true","https://api.elsevier.com/content/abstract/scopus_id/85170029020","SCOPUS_ID:85170029020","2-s2.0-85170029020","How does low-carbon city construction drive enterprise green governance? A complete chain mediation model","Hou Z.","International Journal of Climate Change Strategies and Management",NA,"15","5","2023-11-06","6 November 2023","10.1108/IJCCSM-04-2023-0050","1",NA,"Journal","ar","Article",NA,"21100207601","1","TRUE","all","All Open Access","157","17568692",NA,"768-789"
"true","https://api.elsevier.com/content/abstract/scopus_id/85178495101","SCOPUS_ID:85178495101","2-s2.0-85178495101","Balancing fiscal expenditure competition and long-term innovation investment: Exploring trade-offs and policy implications for local governments","Wenjuan S.","PLoS ONE","19326203","18","11 November","2023-11-01","November 2023","10.1371/journal.pone.0293158","0","38032928","Journal","ar","Article","e0293158","10600153309","1","TRUE","all","All Open Access","158",NA,NA,NA
"true","https://api.elsevier.com/content/abstract/scopus_id/85178345289","SCOPUS_ID:85178345289","2-s2.0-85178345289","Increasing Solar Reflectivity of Building Envelope Materials to Mitigate Urban Heat Islands: State-of-the-Art Review","Ziaeemehr B.","Buildings","20755309","13","11","2023-11-01","November 2023","10.3390/buildings13112868","2",NA,"Journal","re","Review","2868","26980","1","TRUE","all","All Open Access","159",NA,NA,NA
"true","https://api.elsevier.com/content/abstract/scopus_id/85177684393","SCOPUS_ID:85177684393","2-s2.0-85177684393","Optimizing the Role of ICT and Citizen Participation: Analysis of Smart City Governance Implementation in Jakarta, Indonesia and Kuala Lumpur, Malaysia","Mutiarin D.","E3S Web of Conferences","22671242","440",NA,"2023-11-01","1 November 2023","10.1051/e3sconf/202344003027","0",NA,"Conference Proceeding","cp","Conference Paper","03027","21100795900","1","TRUE","all","All Open Access","160","25550403",NA,NA
"true","https://api.elsevier.com/content/abstract/scopus_id/85177656092","SCOPUS_ID:85177656092","2-s2.0-85177656092","JURIDICAL ANALYSIS OF SMART SOCIETY: SOCIETY AND GOVERNANCE ERA 5.0","Syah A.F.","E3S Web of Conferences","22671242","440",NA,"2023-11-01","1 November 2023","10.1051/e3sconf/202344004005","0",NA,"Conference Proceeding","cp","Conference Paper","04005","21100795900","1","TRUE","all","All Open Access","161","25550403",NA,NA
"true","https://api.elsevier.com/content/abstract/scopus_id/85176112418","SCOPUS_ID:85176112418","2-s2.0-85176112418","Deliberative Democracy Innovations at Citizen Level: Challenges of Local Government in Indonesia","Tresiana N.","Lex Localis","1855363X","21","4","2023-11-01","1 November 2023","10.4335/21.4.807-832(2023)","0",NA,"Journal","ar","Article",NA,"17600155342","0","FALSE",NA,NA,"162","15815374",NA,"807-832"
"true","https://api.elsevier.com/content/abstract/scopus_id/85172663070","SCOPUS_ID:85172663070","2-s2.0-85172663070","Action-oriented planning methods as a tool for improving regional governance in Switzerland: Evidence from the Sisslerfeld area","Papamichail T.","Land Use Policy",NA,"134",NA,"2023-11-01","November 2023","10.1016/j.landusepol.2023.106927","0",NA,"Journal","ar","Article","106927","14500","1","TRUE","all","All Open Access","163","02648377","S0264837723003939",NA
"true","https://api.elsevier.com/content/abstract/scopus_id/85171674395","SCOPUS_ID:85171674395","2-s2.0-85171674395","Governing the informed city: Examining local government strategies for information production, consumption and knowledge sharing across ten cities","Steenmans K.","Urban Governance",NA,"3","4","2023-11-01","November 2023","10.1016/j.ugj.2023.09.001","0",NA,"Journal","ar","Article",NA,"21101177606","1","TRUE","all","All Open Access","164","26643286","S266432862300075X","243-251"
"true","https://api.elsevier.com/content/abstract/scopus_id/85171670636","SCOPUS_ID:85171670636","2-s2.0-85171670636","Conceptualizing new forms of volunteering in urban governance","Fenger H.J.M.","Urban Governance",NA,"3","4","2023-11-01","November 2023","10.1016/j.ugj.2023.09.002","0",NA,"Journal","ar","Article",NA,"21101177606","1","TRUE","all","All Open Access","165","26643286","S2664328623000761","269-277"
"true","https://api.elsevier.com/content/abstract/scopus_id/85168434115","SCOPUS_ID:85168434115","2-s2.0-85168434115","Planner-led collaborative governance and the urban form of urban villages in redevelopment: The case of Yangji Village in Guangzhou, China","Gong Y.","Cities",NA,"142",NA,"2023-11-01","November 2023","10.1016/j.cities.2023.104521","0",NA,"Journal","ar","Article","104521","16956","0","FALSE",NA,NA,"166","02642751","S0264275123003335",NA
"true","https://api.elsevier.com/content/abstract/scopus_id/85166938128","SCOPUS_ID:85166938128","2-s2.0-85166938128","Overcoming inertia for sustainable urban development: Understanding the role of stimuli in shaping residents' participation behaviors in neighborhood regeneration projects in China","Fu X.","Environmental Impact Assessment Review",NA,"103",NA,"2023-11-01","November 2023","10.1016/j.eiar.2023.107252","5",NA,"Journal","ar","Article","107252","21004","0","FALSE",NA,NA,"167","01959255","S0195925523002184",NA
"true","https://api.elsevier.com/content/abstract/scopus_id/85165542312","SCOPUS_ID:85165542312","2-s2.0-85165542312","A thorough examination of smart city applications: Exploring challenges and solutions throughout the life cycle with emphasis on safeguarding citizen privacy","Xia L.","Sustainable Cities and Society",NA,"98",NA,"2023-11-01","November 2023","10.1016/j.scs.2023.104771","8",NA,"Journal","ar","Article","104771","19700194105","0","FALSE",NA,NA,"168","22106707","S2210670723003827",NA
"true","https://api.elsevier.com/content/abstract/scopus_id/85160832710","SCOPUS_ID:85160832710","2-s2.0-85160832710","An Assessment of Southeast United States Headwater Tidal Creek Sediment Contamination Over a Twenty-Year Period in Relation to Coastal Development","Parker C.","Environmental Management","14321009","72","5","2023-11-01","November 2023","10.1007/s00267-023-01835-8","1","37277653","Journal","ar","Article",NA,"21478","0","FALSE",NA,NA,"169","0364152X",NA,"883-901"
"true","https://api.elsevier.com/content/abstract/scopus_id/85158870072","SCOPUS_ID:85158870072","2-s2.0-85158870072","Adaptable state-controlled market actors: Underwriters and investors in the market of local government bonds in China","Li Z.","Environment and Planning A","14723409","55","8","2023-11-01","November 2023","10.1177/0308518X231174023","2",NA,"Journal","ar","Article",NA,"13272","1","TRUE","all","All Open Access","170","0308518X",NA,"2088-2107"
"true","https://api.elsevier.com/content/abstract/scopus_id/85153718498","SCOPUS_ID:85153718498","2-s2.0-85153718498","Rethinking Polanyi's double movement through participatory justice: Land use planning in Puerto Rico","Stokes-Ramos H.","Environment and Planning A","14723409","55","8","2023-11-01","November 2023","10.1177/0308518X231170190","1",NA,"Journal","ar","Article",NA,"13272","0","FALSE",NA,NA,"171","0308518X",NA,"1970-1988"
"true","https://api.elsevier.com/content/abstract/scopus_id/85176197503","SCOPUS_ID:85176197503","2-s2.0-85176197503","China's Greater Bay Area: Agglomeration, external economies, governance and urbanization","Patchell J.","China's Greater Bay Area: Agglomeration, External Economies, Governance and Urbanization",NA,NA,NA,"2023-10-30","30 October 2023","10.4324/9781003027942","0",NA,"Book","bk","Book",NA,"21101185668","0","FALSE",NA,NA,"172",NA,NA,"1-289"
"true","https://api.elsevier.com/content/abstract/scopus_id/85167682411","SCOPUS_ID:85167682411","2-s2.0-85167682411","Pan-African gender governance: The politics of aspiration at the African Union","Tornius K.","Review of International Studies","14699044","49","4","2023-10-05","5 October 2023","10.1017/S0260210523000293","0",NA,"Journal","ar","Article",NA,"27944","1","TRUE","all","All Open Access","173","02602105","S0260210523000293","741-762"
"true","https://api.elsevier.com/content/abstract/scopus_id/85175060214","SCOPUS_ID:85175060214","2-s2.0-85175060214","Assessing the Impact of Government Behavior on Regional High-Quality Development: A Case of Fiscal Expenditures on People’s Livelihoods in China","Wang G.","Land","2073445X","12","10","2023-10-01","October 2023","10.3390/land12101924","0",NA,"Journal","ar","Article","1924","21100811521","1","TRUE","all","All Open Access","174",NA,NA,NA
"true","https://api.elsevier.com/content/abstract/scopus_id/85175036895","SCOPUS_ID:85175036895","2-s2.0-85175036895","Managing Urban Green Areas: The Benefits of Collaborative Governance for Green Spaces","Casprini D.","Land","2073445X","12","10","2023-10-01","October 2023","10.3390/land12101872","0",NA,"Journal","ar","Article","1872","21100811521","1","TRUE","all","All Open Access","175",NA,NA,NA
"true","https://api.elsevier.com/content/abstract/scopus_id/85174193510","SCOPUS_ID:85174193510","2-s2.0-85174193510","Your Sustainability Is Not My Sustainability: In-between Spaces for Meaningful Collaboration between Local Stakeholders and Planning Professionals to Construct Congruent Frames over Contested Meanings","Abraham S.","Sustainability (Switzerland)","20711050","15","19","2023-10-01","October 2023","10.3390/su151914179","0",NA,"Journal","ar","Article","14179","21100240100","1","TRUE","all","All Open Access","176",NA,NA,NA
"true","https://api.elsevier.com/content/abstract/scopus_id/85172407013","SCOPUS_ID:85172407013","2-s2.0-85172407013","Dataset on Bac settlement stakeholders' perspectives on integrative urban design play as an instrument for managing wicked urban regeneration issues in sustainable way","Mrdjenovic T.","Data in Brief","23523409","50",NA,"2023-10-01","October 2023","10.1016/j.dib.2023.109562","0",NA,"Journal","dp","Data Paper","109562","21100372856","1","TRUE","all","All Open Access","177",NA,"S2352340923006625",NA
"true","https://api.elsevier.com/content/abstract/scopus_id/85170092703","SCOPUS_ID:85170092703","2-s2.0-85170092703","Research on the dynamic evolution and convergence of collaborative capacity of pollution control and carbon reduction: from the perspective of whole-process governance","Han D.","Environmental Science and Pollution Research","16147499","30","46","2023-10-01","October 2023","10.1007/s11356-023-29272-4","0",NA,"Journal","ar","Article",NA,"23918","0","FALSE",NA,NA,"178","09441344",NA,"103179-103197"
"true","https://api.elsevier.com/content/abstract/scopus_id/85169886939","SCOPUS_ID:85169886939","2-s2.0-85169886939","In favor or against: The influence of skeptical stakeholders in urban innovation projects for green transformation","Kroh J.","International Journal of Project Management",NA,"41","7","2023-10-01","October 2023","10.1016/j.ijproman.2023.102515","1",NA,"Journal","ar","Article","102515","19696","1","TRUE","all","All Open Access","179","02637863","S0263786323000790",NA
"true","https://api.elsevier.com/content/abstract/scopus_id/85169509884","SCOPUS_ID:85169509884","2-s2.0-85169509884","Considering urban regeneration policy support: Perceived collaborative governance in cultural heritage-led regeneration projects of Korea","Kim H.","Habitat International",NA,"140",NA,"2023-10-01","October 2023","10.1016/j.habitatint.2023.102921","1",NA,"Journal","ar","Article","102921","13760","0","FALSE",NA,NA,"180","01973975","S0197397523001819",NA
"true","https://api.elsevier.com/content/abstract/scopus_id/85168385737","SCOPUS_ID:85168385737","2-s2.0-85168385737","Study on the evaluation and improvement strategy of the ecological environment governance capacity of the Yangtze River Economic Belt","Wang B.","GeoJournal","15729893","88","5","2023-10-01","October 2023","10.1007/s10708-023-10928-0","0",NA,"Journal","ar","Article",NA,"28772","0","FALSE",NA,NA,"181","03432521",NA,"5463-5475"
"true","https://api.elsevier.com/content/abstract/scopus_id/85166939993","SCOPUS_ID:85166939993","2-s2.0-85166939993","Political mobilisation and institutional layering in urban regeneration: Transformation of land redevelopment governance in China","Li J.","Cities",NA,"141",NA,"2023-10-01","October 2023","10.1016/j.cities.2023.104508","2",NA,"Journal","ar","Article","104508","16956","1","TRUE","all","All Open Access","182","02642751","S0264275123003207",NA
"true","https://api.elsevier.com/content/abstract/scopus_id/85165592677","SCOPUS_ID:85165592677","2-s2.0-85165592677","No-bailout event and local bank-government nexus in China","Li S.","International Review of Financial Analysis",NA,"89",NA,"2023-10-01","October 2023","10.1016/j.irfa.2023.102793","1",NA,"Journal","ar","Article","102793","17385","0","FALSE",NA,NA,"183","10575219","S1057521923003095",NA
"true","https://api.elsevier.com/content/abstract/scopus_id/85165271018","SCOPUS_ID:85165271018","2-s2.0-85165271018","Institutionalising 100 Resilient Cities governance experiments in cities with no metropolitan government: A case study of Living Melbourne (Resilient Melbourne), Australia","Nguyen T.M.P.","Cities",NA,"141",NA,"2023-10-01","October 2023","10.1016/j.cities.2023.104500","0",NA,"Journal","ar","Article","104500","16956","1","TRUE","all","All Open Access","184","02642751","S0264275123003128",NA
"true","https://api.elsevier.com/content/abstract/scopus_id/85165234067","SCOPUS_ID:85165234067","2-s2.0-85165234067","Place attachment as an indicator of public participation in low-carbon community development: A case study of Beijing, China","Lu X.","Ecological Indicators",NA,"154",NA,"2023-10-01","October 2023","10.1016/j.ecolind.2023.110658","3",NA,"Journal","ar","Article","110658","20292","1","TRUE","all","All Open Access","185","1470160X","S1470160X23008002",NA
"true","https://api.elsevier.com/content/abstract/scopus_id/85164731387","SCOPUS_ID:85164731387","2-s2.0-85164731387","“Co-production” as an alternative in post-political China? Conceptualizing the legitimate power over participation in neighborhood regeneration practices","Zhao N.","Cities",NA,"141",NA,"2023-10-01","October 2023","10.1016/j.cities.2023.104462","3",NA,"Journal","ar","Article","104462","16956","0","FALSE",NA,NA,"186","02642751","S0264275123002743",NA
"true","https://api.elsevier.com/content/abstract/scopus_id/85163174901","SCOPUS_ID:85163174901","2-s2.0-85163174901","Data-driven adaptive assembled joints decision-making model for prefabricated underground stations","Qiu T.","Tunnelling and Underground Space Technology",NA,"140",NA,"2023-10-01","October 2023","10.1016/j.tust.2023.105284","0",NA,"Journal","ar","Article","105284","14642","0","FALSE",NA,NA,"187","08867798","S0886779823003048",NA
"true","https://api.elsevier.com/content/abstract/scopus_id/85161650313","SCOPUS_ID:85161650313","2-s2.0-85161650313","A Dynamic Perspective on Collaborative Innovation for Smart City Development: The role of uncertainty, governance, and institutional logics","Dolmans S.A.M.","Organization Studies","17413044","44","10","2023-10-01","October 2023","10.1177/01708406231169422","2",NA,"Journal","ar","Article",NA,"28312","1","TRUE","all","All Open Access","188","01708406",NA,"1577-1601"
"true","https://api.elsevier.com/content/abstract/scopus_id/85160841285","SCOPUS_ID:85160841285","2-s2.0-85160841285","Local government competition, environmental regulation, and green development in China: Empirical analysis based on regional heterogeneity and path mechanisms","Yang L.","Sustainable Development","10991719","31","5","2023-10-01","October 2023","10.1002/sd.2610","2",NA,"Journal","ar","Article",NA,"25874","0","FALSE",NA,NA,"189","09680802",NA,"3553-3565"
"true","https://api.elsevier.com/content/abstract/scopus_id/85135815360","SCOPUS_ID:85135815360","2-s2.0-85135815360","Foundations of Influence: Intervention Pathways of Foundation Influence on City Governance and Policy","Thomson D.E.","Nonprofit and Voluntary Sector Quarterly","15527395","52","5","2023-10-01","October 2023","10.1177/08997640221115653","1",NA,"Journal","ar","Article",NA,"13197","0","FALSE",NA,NA,"190","08997640",NA,"1260-1283"
"true","https://api.elsevier.com/content/abstract/scopus_id/85114735835","SCOPUS_ID:85114735835","2-s2.0-85114735835","Can Higher Education Institutions' Stakeholders Drive Regional Sustainable Development? Yes, They Can?!","Pedro E.d.M.","IEEE Transactions on Engineering Management","15580040","70","10","2023-10-01","1 October 2023","10.1109/TEM.2021.3103285","0",NA,"Journal","ar","Article",NA,"17359","0","FALSE",NA,NA,"191","00189391",NA,"3421-3433"
"true","https://api.elsevier.com/content/abstract/scopus_id/85086857316","SCOPUS_ID:85086857316","2-s2.0-85086857316","RETRACTED: Psychosocial pathways of collective action participation in NIMBY conflict: A regulated double mediation model, (International Journal of Electrical Engineering &amp; Education, (2021))","Guo B.","International Journal of Electrical Engineering and Education","20504578","60","1_suppl","2023-10-01","October 2023","10.1177/0020720920931426","2",NA,"Journal","er","Erratum",NA,"17966","0","FALSE",NA,NA,"192","00207209",NA,"698-715"
"true","https://api.elsevier.com/content/abstract/scopus_id/85182587449","SCOPUS_ID:85182587449","2-s2.0-85182587449","Review of Foreign Urban Governance Research based on Knowledge Maps","Liu M.","ACM International Conference Proceeding Series",NA,NA,NA,"2023-09-22","22 September 2023","10.1145/3629378.3629401","0",NA,"Conference Proceeding","cp","Conference Paper",NA,"21101196605","0","FALSE",NA,NA,"193",NA,NA,"339-346"
"true","https://api.elsevier.com/content/abstract/scopus_id/85176296578","SCOPUS_ID:85176296578","2-s2.0-85176296578","Green and low-carbon-oriented urban redevelopment: The transformation of urban governance in China","Li C.","Handbook on Local Governance in China: Structures, Variations, and Innovations",NA,NA,NA,"2023-09-21","21 September 2023",NA,"0",NA,"Book","ch","Book Chapter",NA,"21101185827","0","FALSE",NA,NA,"194",NA,NA,"260-271"
"true","https://api.elsevier.com/content/abstract/scopus_id/85164579782","SCOPUS_ID:85164579782","2-s2.0-85164579782","Factors influencing smart facilities management – Stakeholder perspectives and the implication","Hou H.(.","Journal of Building Engineering","23527102","75",NA,"2023-09-15","15 September 2023","10.1016/j.jobe.2023.106959","1",NA,"Journal","ar","Article","106959","21100389518","0","FALSE",NA,NA,"195",NA,"S2352710223011385",NA
"true","https://api.elsevier.com/content/abstract/scopus_id/85171864236","SCOPUS_ID:85171864236","2-s2.0-85171864236","What explains the degree of e-participation? A comparison of the adoption of digital participation platforms in Oslo, Melbourne and Madrid","Legard S.","Information Polity","18758754","28","3","2023-09-05","5 September 2023","10.3233/IP-220035","0",NA,"Journal","ar","Article",NA,"21100200653","0","FALSE",NA,NA,"196","15701255",NA,"359-375"
"true","https://api.elsevier.com/content/abstract/scopus_id/85184767204","SCOPUS_ID:85184767204","2-s2.0-85184767204","Comparison of land use in black soil regions between China and the United States based on terrain characteristics","Yan Z.","Resources Science",NA,"45","9","2023-09-01","September 2023","10.18402/resci.2023.09.11","0",NA,"Journal","ar","Article",NA,"21101199449","1","TRUE","all","All Open Access","197","10077588",NA,"1844-1855"
"true","https://api.elsevier.com/content/abstract/scopus_id/85174005856","SCOPUS_ID:85174005856","2-s2.0-85174005856","Assessing the Impact of Performance-Based Budgeting on Regional Development and Environmental Outcomes Mediated by Government Agency Accountability in Dairi District","Situmorang D.D.P.","International Journal of Sustainable Development and Planning","1743761X","18","9","2023-09-01","September 2023","10.18280/ijsdp.180933","0",NA,"Journal","ar","Article",NA,"5200153101","1","TRUE","all","All Open Access","198","17437601",NA,"2953-2958"
"true","https://api.elsevier.com/content/abstract/scopus_id/85173019747","SCOPUS_ID:85173019747","2-s2.0-85173019747","Development of a Smart City Platform Based on Digital Twin Technology for Monitoring and Supporting Decision-Making","Dani A.A.H.","Sustainability (Switzerland)","20711050","15","18","2023-09-01","September 2023","10.3390/su151814002","2",NA,"Journal","ar","Article","14002","21100240100","1","TRUE","all","All Open Access","199",NA,NA,NA
"true","https://api.elsevier.com/content/abstract/scopus_id/85172932099","SCOPUS_ID:85172932099","2-s2.0-85172932099","A Solution-Extracted System for Facilitating the Governance of Urban Problems: A Case Study of Wuhan","Wang Y.","Sustainability (Switzerland)","20711050","15","18","2023-09-01","September 2023","10.3390/su151813482","0",NA,"Journal","ar","Article","13482","21100240100","1","TRUE","all","All Open Access","200",NA,NA,NA
